"n_tau","PE_before","PE_after"
67408.5716865329,0.33631436835316,0.33631436835316
71408.5716865329,0.313613062462126,0.342574499743669
75408.5716865329,0.300322580911156,0.339823510780218
79408.5716865329,0.289279485483234,0.335604193357128
83408.5716865329,0.279488116633062,0.330827574110235
87408.5716865329,0.270325745703106,0.325594679621656
91408.5716865329,0.262351163583654,0.320344846689484
95408.5716865329,0.254748166320439,0.314904011326768
99408.5716865329,0.247550964366014,0.308819674039875
