"n_tau","PE_before","PE_after"
77432.8973446161,0.1705550918706,0.1705550918706
81432.8973446161,0.157192600260987,0.169842303193177
85432.8973446161,0.148380962722518,0.165251179682002
89432.8973446161,0.140920451534231,0.16020029685088
93432.8973446161,0.134275542366885,0.15518651356728
97432.8973446161,0.128065832253418,0.150122790307146
