"n_tau","PE_before","PE_after"
89109.1996802202,0.2802332258562,0.2802332258562
93109.1996802202,0.269073865644091,0.285241785472854
97109.1996802202,0.263082074600842,0.285171479291859
