"n_tau","PE_before","PE_after"
72228.0049583707,0.177351216997115,0.177351216997115
76228.0049583707,0.162143841173671,0.17625162265029
80228.0049583707,0.15208370010226,0.170871320175234
84228.0049583707,0.143589278001402,0.165029305454473
88228.0049583707,0.136049682364683,0.159280847777557
92228.0049583707,0.129030840251432,0.153517319715588
96228.0049583707,0.122635527957795,0.148106169920211
