"n_tau","PE_before","PE_after"
83050.3677781148,0.310012762576577,0.310012762576577
87050.3677781148,0.295563021376751,0.316673303018291
91050.3677781148,0.288172324275474,0.316803334284299
95050.3677781148,0.281805173322202,0.315875000259761
99050.3677781148,0.276224068925658,0.314244157939352
