"n_tau","PE_before","PE_after"
89109.1996802202,0.279317625388496,0.279317625388496
93109.1996802202,0.268157860008763,0.284270946852397
97109.1996802202,0.262150519342117,0.28416170636356
