"n_tau","PE_before","PE_after"
83050.3677781148,0.310536110585593,0.310536110585593
87050.3677781148,0.296084983147316,0.317232496055609
91050.3677781148,0.288702713919448,0.317387298296092
95050.3677781148,0.282345638852941,0.316480263888391
99050.3677781148,0.27677516023666,0.314871359431413
