"n_tau","PE_before","PE_after"
89109.1996802202,0.138539304711339,0.138539304711339
93109.1996802202,0.129699862611891,0.137515647479947
97109.1996802202,0.123691080434413,0.134080284667923
