"n_tau","PE_before","PE_after"
89109.1996802202,0.286783352585954,0.286783352585954
93109.1996802202,0.275632579235349,0.292192720820706
97109.1996802202,0.269757435648754,0.292406975333799
