"n_tau","PE_before","PE_after"
77432.8973446161,0.354050052689875,0.354050052689875
81432.8973446161,0.336586553000497,0.363503103217609
85432.8973446161,0.327581214400829,0.364604626429596
89432.8973446161,0.320392608859444,0.364253384368237
93432.8973446161,0.314179880541765,0.363174999701971
97432.8973446161,0.308478433341476,0.361602121461976
