"n_tau","PE_before","PE_after"
83050.3677781148,0.31803351122961,0.31803351122961
87050.3677781148,0.303568816482527,0.325249270948728
91050.3677781148,0.296313646358486,0.325766391448921
95050.3677781148,0.290107698229869,0.325171978719327
99050.3677781148,0.284696645128582,0.323885221701945
