"n_tau","PE_before","PE_after"
77432.8973446161,0.246427694776867,0.246427694776867
81432.8973446161,0.230393163943393,0.248880189989961
85432.8973446161,0.220544425623854,0.245551366469052
89432.8973446161,0.212274050375891,0.24132406140244
93432.8973446161,0.20490409924051,0.236833939804558
97432.8973446161,0.197988288628979,0.232086381119278
