"n_tau","PE_before","PE_after"
77432.8973446161,0.317636181645467,0.317636181645467
81432.8973446161,0.300372144953684,0.324418676121166
85432.8973446161,0.290794221840259,0.323694017579249
89432.8973446161,0.282954417841984,0.32168581512263
93432.8973446161,0.276062570429079,0.31910298246337
97432.8973446161,0.269650545101417,0.316088557826417
