"n_tau","PE_before","PE_after"
83050.3677781148,0.307770108777665,0.307770108777665
87050.3677781148,0.293326972577241,0.31427796469695
91050.3677781148,0.285900757232638,0.314302679957653
95050.3677781148,0.27949120102639,0.313283852087042
99050.3677781148,0.273865296342238,0.311560227406304
