"n_tau","PE_before","PE_after"
89109.1996802202,0.264902006946417,0.264902006946417
93109.1996802202,0.25375931706519,0.269011117321372
97109.1996802202,0.247532075832551,0.268316485949029
