"n_tau","PE_before","PE_after"
67408.5716865329,0.414283347137303,0.414283347137303
71408.5716865329,0.390711966428204,0.426825159386064
75408.5716865329,0.378436916963738,0.428220946263572
79408.5716865329,0.368584935557504,0.427696354012435
83408.5716865329,0.360032093911014,0.426219622910861
87408.5716865329,0.35215049493421,0.424098472276176
91408.5716865329,0.345372280007395,0.421642481790744
95408.5716865329,0.338973286177681,0.41884848909758
99408.5716865329,0.332969183457957,0.415490074450515
