"n_tau","PE_before","PE_after"
72228.0049583707,0.371895048768849,0.371895048768849
76228.0049583707,0.351381233323264,0.381940106539973
80228.0049583707,0.340496108839893,0.38250781220226
84228.0049583707,0.331709351702108,0.381441358726483
88228.0049583707,0.324053290331217,0.379585872327776
92228.0049583707,0.316978244705551,0.377179024226422
96228.0049583707,0.310539932170263,0.374517623606221
