"n_tau","PE_before","PE_after"
72228.0049583707,0.382659008421857,0.382659008421857
76228.0049583707,0.362097932017043,0.393588159794666
80228.0049583707,0.351414247397872,0.394770541981053
84228.0049583707,0.342853601132224,0.394266418772757
88228.0049583707,0.335432405492191,0.392924930965108
92228.0049583707,0.32860296091904,0.391013923803538
96228.0049583707,0.322411052332378,0.388807609419576
