"n_tau","PE_before","PE_after"
72228.0049583707,0.381510952723283,0.381510952723283
76228.0049583707,0.360953862121532,0.392344600409609
80228.0049583707,0.350247394478419,0.393460090048389
84228.0049583707,0.341661512515582,0.392894539908061
88228.0049583707,0.334214034952336,0.391496707458499
92228.0049583707,0.327357019735583,0.389531043868482
96228.0049583707,0.321137538437812,0.387274707566748
