"n_tau","PE_before","PE_after"
95637.6464720301,0.244468689330649,0.244468689330649
99637.6464720301,0.236192612489237,0.247387102381599
