"n_tau","PE_before","PE_after"
67413.8521061812,0.00413820704802009,0.00413820704802009
71413.8521061812,0.00149079285463561,0.0082540490599305
75413.8521061812,0.00085896549285891,0.0101887888738424
79413.8521061812,0.000536599307619813,0.0116787687013462
83413.8521061812,0.00034729760791753,0.0128703966489536
87413.8521061812,0.000226499206820471,0.0138934476592288
91413.8521061812,0.000153142459387666,0.0147380770344183
95413.8521061812,0.000103415952019797,0.0154787664083347
99413.8521061812,6.99102724264737e-05,0.0161841537610946
