"n_tau","PE_before","PE_after"
67413.8521061812,0.00657738416368324,0.00657738416368324
71413.8521061812,0.00242632112639293,0.0134358831017972
75413.8521061812,0.00143155257225304,0.0169814021793011
79413.8521061812,0.000915082964548042,0.0199246227701147
83413.8521061812,0.000605788237197286,0.0224555055108039
87413.8521061812,0.00040425822302238,0.0247912133264315
91413.8521061812,0.00027925366758124,0.0268649824097536
95413.8521061812,0.000192721939548923,0.0288220990941959
99413.8521061812,0.000133152413272749,0.0308413817847882
