"n_tau","PE_before","PE_after"
72233.7404745763,0.00429153091441022,0.00429153091441022
76233.7404745763,0.0015671588859313,0.00891739136548048
80233.7404745763,0.00092367578139919,0.0113660463203908
84233.7404745763,0.000590981165404582,0.0134285205035369
88233.7404745763,0.000392065671533787,0.0152242268190303
92233.7404745763,0.000262462809296204,0.0169003024770534
96233.7404745763,0.000178203684742653,0.0184041962632658
