"n_tau","PE_before","PE_after"
77439.1305891341,0.00228509228462492,0.00228509228462492
81439.1305891341,0.000821472389889101,0.00478460759983454
85439.1305891341,0.000480405833073048,0.00609934925241456
89439.1305891341,0.000305568134568805,0.00719773262848199
93439.1305891341,0.000201763727216646,0.00814559219909573
97439.1305891341,0.000134536505477566,0.00902205605327401
