"n_tau","PE_before","PE_after"
77439.1305891341,0.00201048729781829,0.00201048729781829
81439.1305891341,0.000718577573420325,0.00418566679197781
85439.1305891341,0.000417826157182747,0.00530542538521007
89439.1305891341,0.000264293972814535,0.00622541793714543
93439.1305891341,0.000173564007670299,0.00700686317867552
97439.1305891341,0.000115095485503813,0.00771835483783515
