"n_tau","PE_before","PE_after"
72233.7404745763,0.00418633752672432,0.00418633752672432
76233.7404745763,0.00152672809699373,0.00868734341964853
80233.7404745763,0.000898651392063545,0.0110581803210921
84233.7404745763,0.000574225051036202,0.0130474890838245
88233.7404745763,0.000380460082378811,0.0147732427619258
92233.7404745763,0.000254358207368135,0.0163783479519077
96233.7404745763,0.00017247438602963,0.0178135793838864
