"n_tau","PE_before","PE_after"
67413.8521061812,0.00667257523595465,0.00667257523595465
71413.8521061812,0.00246345734169835,0.0136415988339178
75413.8521061812,0.0014546708569219,0.0172556627234425
79413.8521061812,0.000930617259317583,0.0202631649502465
83413.8521061812,0.000616569784402913,0.0228553708253536
87413.8521061812,0.00041179471908346,0.0252531645651529
91413.8521061812,0.000284682615301503,0.0273868967227364
95413.8521061812,0.000196626199056489,0.0294051060051775
99413.8521061812,0.000135960216724334,0.0314923819015248
