"n_tau","PE_before","PE_after"
67413.8521061812,0.00662415710006732,0.00662415710006732
71413.8521061812,0.0024445630848269,0.013536934089053
75413.8521061812,0.0014429052045666,0.0171160842770088
79413.8521061812,0.000922708872702748,0.0200908188836149
83413.8521061812,0.000611079598336413,0.0226517459345811
87413.8521061812,0.000407955766299553,0.0250178583057845
91413.8521061812,0.000281916412789713,0.0271209732607814
95413.8521061812,0.000194636321719509,0.0291079662417032
99413.8521061812,0.000134528769989894,0.0311604899822855
