"n_tau","PE_before","PE_after"
67413.8521061812,0.00512281002081275,0.00512281002081275
71413.8521061812,0.00186455829095773,0.0103241721809628
75413.8521061812,0.00108536269594589,0.0128744890242554
79413.8521061812,0.000684739691829891,0.0149056319864482
83413.8521061812,0.000447461770973941,0.0165841675884722
87413.8521061812,0.000294676174989368,0.0180735853989856
91413.8521061812,0.000201045888311661,0.0193452438219136
95413.8521061812,0.000137006292436224,0.0204994072991688
99413.8521061812,9.34620204248412e-05,0.0216412349069416
