"n_tau","PE_before","PE_after"
72233.7404745763,0.00399661452366172,0.00399661452366172
76233.7404745763,0.0014540047276756,0.0082735583665771
80233.7404745763,0.000853762431822142,0.0105059128344384
84233.7404745763,0.000544247243812816,0.0123658289207623
88233.7404745763,0.000359751325559994,0.0139685553069501
92233.7404745763,0.000239935392042126,0.015449495740769
96233.7404745763,0.000162305936206363,0.0167651933449182
