"n_tau","PE_before","PE_after"
89116.5566220737,0.000846418506367955,0.000846418506367955
93116.5566220737,0.000304043410659437,0.00181911641648441
97116.5566220737,0.000179440220739389,0.00235867329270722
