"n_tau","PE_before","PE_after"
67413.8521061812,0.00566851885679613,0.00566851885679613
71413.8521061812,0.00207403056099817,0.0114844314674653
75413.8521061812,0.00121365818558397,0.0143964625481279
79413.8521061812,0.000769590607403053,0.0167542604400734
83413.8521061812,0.000505436999253808,0.0187339599740717
87413.8521061812,0.000334557629424338,0.0205185683978508
91413.8521061812,0.00022934561831841,0.0220665501796278
95413.8521061812,0.000157048937380368,0.0234939990422572
99413.8521061812,0.000107655270119057,0.0249307141801843
