"n_tau","PE_before","PE_after"
77439.1305891341,0.00240921629136289,0.00240921629136289
81439.1305891341,0.000868259809554512,0.00505692732772641
85439.1305891341,0.000509030030040213,0.00646244974807298
89439.1305891341,0.000324555363837001,0.00764502824169546
93439.1305891341,0.000214809263617063,0.00867239865965413
97439.1305891341,0.000143581473289185,0.00962860538764727
