"n_tau","PE_before","PE_after"
89116.5566220737,0.000872088775974933,0.000872088775974933
93116.5566220737,0.000313656011732905,0.00187661404474136
97116.5566220737,0.000185343673397514,0.00243626969402314
