"n_tau","PE_before","PE_after"
89116.5566220737,0.000896020234963464,0.000896020234963464
93116.5566220737,0.000322633030139699,0.00193030938749414
97116.5566220737,0.000190866309165914,0.0025088591264787
