"n_tau","PE_before","PE_after"
95645.6359591771,0.000442027995276093,0.000442027995276093
99645.6359591771,0.000156881968739689,0.000954404002523078
