"n_tau","PE_before","PE_after"
95645.6359591771,0.000133548911845952,0.000133548911845952
99645.6359591771,4.57672896477229e-05,0.000278499068079705
