"n_tau","PE_before","PE_after"
95645.6359591771,0.000471968952023043,0.000471968952023043
99645.6359591771,0.000167933360378292,0.00102161740039065
