"n_tau","PE_before","PE_after"
95645.6359591771,0.000403927985168459,0.000403927985168459
99645.6359591771,0.000142878668299862,0.000869235084696203
