"n_tau","PE_before","PE_after"
95645.6359591771,0.000482425275275241,0.000482425275275241
99645.6359591771,0.000171802350599079,0.00104514770667784
