"n_tau","PE_before","PE_after"
95645.6359591771,0.000393067093572739,0.000393067093572739
99645.6359591771,0.000138899452280838,0.000845032738539912
